block,countries,percent
Bottom (↓),44,18.72340425531915
Neutral (≈),61,25.957446808510635
Top (↑),130,55.319148936170215
