month,count,fraud_count,fraud_rate,lift_vs_overall
0,132440,1500,0.011325883418906675,1.026918434935776
1,127620,1198,0.009387243378780755,0.8511418423049011
2,136979,1198,0.008745866154666044,0.7929881362468078
3,150936,1392,0.009222451900143107,0.836200190420084
4,127691,1452,0.011371200789405674,1.0310273632610094
5,119323,1411,0.01182504630289215,1.07217755942444
6,108168,1450,0.013405073589231566,1.2154387151356936
7,96843,1428,0.014745515938167962,1.3369766921904036
