rule,count,fraud_count,fraud_rate,lift
(housing_status == 'BA'),169675,6357,0.0374657433328422,3.3970208842907064
(device_os == 'windows'),263506,6507,0.02469393486296327,2.2390003502550795
(employment_status == 'CC'),37758,932,0.024683510779172625,2.2380551980390444
